[{"model": "wagtailcore.locale", "pk": 1, "fields": {"language_code": "en"}}, {"model": "wagtailcore.site", "pk": 1, "fields": {"hostname": "localhost", "port": 8000, "site_name": "", "root_page": 3, "is_default_site": true}}, {"model": "wagtailcore.modellogentry", "pk": 1, "fields": {"content_type": 16, "label": "Main", "action": "wagtail.create", "data": {}, "timestamp": "2022-11-07T14:53:43.176Z", "uuid": "7dddd0c7-a44d-4c17-a732-ec1bb7efa2dc", "user": 1, "content_changed": false, "deleted": false, "object_id": "1"}}, {"model": "wagtailcore.modellogentry", "pk": 2, "fields": {"content_type": 16, "label": "Categories", "action": "wagtail.create", "data": {}, "timestamp": "2022-11-07T14:54:44.279Z", "uuid": "993f5443-3cce-41ef-b31e-65ebdf113b30", "user": 1, "content_changed": false, "deleted": false, "object_id": "2"}}, {"model": "wagtailcore.modellogentry", "pk": 3, "fields": {"content_type": 16, "label": "Main", "action": "wagtail.edit", "data": {}, "timestamp": "2022-11-07T14:55:18.339Z", "uuid": "8d2730b6-a85e-4cca-8d7f-64229f292abd", "user": 1, "content_changed": false, "deleted": false, "object_id": "1"}}, {"model": "wagtailcore.modellogentry", "pk": 4, "fields": {"content_type": 17, "label": "Featured", "action": "wagtail.create", "data": {}, "timestamp": "2022-11-07T14:55:43.893Z", "uuid": "87d34ba0-ee92-4695-b747-ca9b9e5e2da0", "user": 1, "content_changed": false, "deleted": false, "object_id": "1"}}, {"model": "wagtailcore.modellogentry", "pk": 5, "fields": {"content_type": 17, "label": "Best of the Week", "action": "wagtail.create", "data": {}, "timestamp": "2022-11-07T14:56:18.774Z", "uuid": "dd163e5b-1daa-449b-a4d9-80c9cce20684", "user": 1, "content_changed": false, "deleted": false, "object_id": "2"}}, {"model": "wagtailcore.modellogentry", "pk": 6, "fields": {"content_type": 29, "label": "Category Ad - Test", "action": "wagtail.create", "data": {}, "timestamp": "2022-11-07T14:56:58.439Z", "uuid": "e0c29faa-dc0f-4fe6-82f3-b4fabeee1abe", "user": 1, "content_changed": false, "deleted": false, "object_id": "1"}}, {"model": "wagtailcore.modellogentry", "pk": 7, "fields": {"content_type": 56, "label": "localhost:8000 [default]", "action": "wagtail.edit", "data": {}, "timestamp": "2022-11-07T14:57:58.058Z", "uuid": "f7055ca4-3fbb-42ad-8764-160ff33b1f2f", "user": 1, "content_changed": false, "deleted": false, "object_id": "1"}}, {"model": "wagtailcore.collection", "pk": 1, "fields": {"path": "0001", "depth": 1, "numchild": 0, "name": "Root"}}, {"model": "wagtailcore.groupcollectionpermission", "pk": 1, "fields": {"group": 1, "collection": 1, "permission": 1}}, {"model": "wagtailcore.groupcollectionpermission", "pk": 2, "fields": {"group": 2, "collection": 1, "permission": 1}}, {"model": "wagtailcore.groupcollectionpermission", "pk": 3, "fields": {"group": 1, "collection": 1, "permission": 2}}, {"model": "wagtailcore.groupcollectionpermission", "pk": 4, "fields": {"group": 2, "collection": 1, "permission": 2}}, {"model": "wagtailcore.groupcollectionpermission", "pk": 5, "fields": {"group": 1, "collection": 1, "permission": 7}}, {"model": "wagtailcore.groupcollectionpermission", "pk": 6, "fields": {"group": 2, "collection": 1, "permission": 7}}, {"model": "wagtailcore.groupcollectionpermission", "pk": 7, "fields": {"group": 1, "collection": 1, "permission": 8}}, {"model": "wagtailcore.groupcollectionpermission", "pk": 8, "fields": {"group": 2, "collection": 1, "permission": 8}}, {"model": "wagtailcore.groupcollectionpermission", "pk": 9, "fields": {"group": 1, "collection": 1, "permission": 10}}, {"model": "wagtailcore.groupcollectionpermission", "pk": 10, "fields": {"group": 2, "collection": 1, "permission": 10}}, {"model": "wagtailcore.page", "pk": 1, "fields": {"path": "0001", "depth": 1, "numchild": 2, "translation_key": "9787ce62-4cca-4aef-964d-2490e1fb5bcb", "locale": 1, "title": "Root", "draft_title": "Root", "slug": "root", "content_type": 1, "live": true, "has_unpublished_changes": false, "url_path": "/", "owner": null, "seo_title": "", "show_in_menus": false, "search_description": "", "go_live_at": null, "expire_at": null, "expired": false, "locked": false, "locked_at": null, "locked_by": null, "first_published_at": null, "last_published_at": "2022-11-06T14:52:48.968Z", "latest_revision_created_at": null, "live_revision": null, "alias_of": null}}, {"model": "wagtailcore.page", "pk": 2, "fields": {"path": "00010001", "depth": 2, "numchild": 0, "translation_key": "a04fbe85-3380-40d8-be6e-50b0a2ac5bad", "locale": 1, "title": "Welcome to your new Wagtail site!", "draft_title": "Welcome to your new Wagtail site!", "slug": "home", "content_type": 1, "live": true, "has_unpublished_changes": false, "url_path": "/home/", "owner": null, "seo_title": "", "show_in_menus": false, "search_description": "", "go_live_at": null, "expire_at": null, "expired": false, "locked": false, "locked_at": null, "locked_by": null, "first_published_at": null, "last_published_at": "2022-11-06T14:52:48.968Z", "latest_revision_created_at": null, "live_revision": null, "alias_of": null}}, {"model": "wagtailcore.page", "pk": 3, "fields": {"path": "00010002", "depth": 2, "numchild": 3, "translation_key": "1fd79438-0cb9-4240-a5b2-eab5e2a6cfba", "locale": 1, "title": "Home Page", "draft_title": "Home Page", "slug": "home-page", "content_type": 15, "live": true, "has_unpublished_changes": false, "url_path": "/home-page/", "owner": null, "seo_title": "", "show_in_menus": false, "search_description": "", "go_live_at": null, "expire_at": null, "expired": false, "locked": false, "locked_at": null, "locked_by": null, "first_published_at": "2022-11-07T14:57:46.645Z", "last_published_at": "2022-11-07T14:57:46.645Z", "latest_revision_created_at": "2022-11-07T14:57:46.588Z", "live_revision": 3, "alias_of": null}}, {"model": "wagtailcore.page", "pk": 4, "fields": {"path": "000100020001", "depth": 3, "numchild": 10, "translation_key": "e1657d91-3907-4fde-a7bc-0ad7548ab78b", "locale": 1, "title": "All Articles", "draft_title": "All Articles", "slug": "all", "content_type": 10, "live": true, "has_unpublished_changes": false, "url_path": "/home-page/all/", "owner": null, "seo_title": "", "show_in_menus": false, "search_description": "", "go_live_at": null, "expire_at": null, "expired": false, "locked": false, "locked_at": null, "locked_by": null, "first_published_at": null, "last_published_at": "2022-11-06T14:52:48.968Z", "latest_revision_created_at": null, "live_revision": null, "alias_of": null}}, {"model": "wagtailcore.page", "pk": 5, "fields": {"path": "000100020002", "depth": 3, "numchild": 0, "translation_key": "1e1a6483-db33-4c2a-83fb-4e1e6ff2fdbf", "locale": 1, "title": "Physics", "draft_title": "Physics", "slug": "physics", "content_type": 12, "live": true, "has_unpublished_changes": false, "url_path": "/home-page/physics/", "owner": null, "seo_title": "", "show_in_menus": false, "search_description": "", "go_live_at": null, "expire_at": null, "expired": false, "locked": false, "locked_at": null, "locked_by": null, "first_published_at": null, "last_published_at": "2022-11-06T14:52:48.968Z", "latest_revision_created_at": null, "live_revision": null, "alias_of": null}}, {"model": "wagtailcore.page", "pk": 6, "fields": {"path": "000100020003", "depth": 3, "numchild": 0, "translation_key": "16ace759-b95e-434c-9486-3cdcab8a088a", "locale": 1, "title": "Mathematics", "draft_title": "Mathematics", "slug": "mathematics", "content_type": 12, "live": true, "has_unpublished_changes": false, "url_path": "/home-page/mathematics/", "owner": null, "seo_title": "", "show_in_menus": false, "search_description": "", "go_live_at": null, "expire_at": null, "expired": false, "locked": false, "locked_at": null, "locked_by": null, "first_published_at": null, "last_published_at": "2022-11-06T14:52:48.968Z", "latest_revision_created_at": null, "live_revision": null, "alias_of": null}}, {"model": "wagtailcore.page", "pk": 7, "fields": {"path": "0001000200010001", "depth": 4, "numchild": 0, "translation_key": "c38f3d75-eb0e-4a23-b64e-8c3bbf23f615", "locale": 1, "title": "Mass and Angular Momentum, Left Ambiguous by Einstein, Get Defined", "draft_title": "Mass and Angular Momentum, Left Ambiguous by Einstein, Get Defined", "slug": "mass-and-angular-momentum-left-ambiguous-by-einstein-get-defined", "content_type": 20, "live": true, "has_unpublished_changes": false, "url_path": "/home-page/all/mass-and-angular-momentum-left-ambiguous-by-einstein-get-defined/", "owner": null, "seo_title": "", "show_in_menus": false, "search_description": "", "go_live_at": null, "expire_at": null, "expired": false, "locked": false, "locked_at": null, "locked_by": null, "first_published_at": null, "last_published_at": "2022-11-06T14:52:48.968Z", "latest_revision_created_at": null, "live_revision": null, "alias_of": null}}, {"model": "wagtailcore.page", "pk": 8, "fields": {"path": "0001000200010002", "depth": 4, "numchild": 0, "translation_key": "6241e243-3941-4ef7-ad89-812d6d634bb5", "locale": 1, "title": "Astronomers Reimagine the Making of the Planets", "draft_title": "Astronomers Reimagine the Making of the Planets", "slug": "astronomers-reimagine-the-making-of-the-planets", "content_type": 20, "live": true, "has_unpublished_changes": false, "url_path": "/home-page/all/astronomers-reimagine-the-making-of-the-planets/", "owner": null, "seo_title": "", "show_in_menus": false, "search_description": "", "go_live_at": null, "expire_at": null, "expired": false, "locked": false, "locked_at": null, "locked_by": null, "first_published_at": null, "last_published_at": "2022-11-06T14:52:48.968Z", "latest_revision_created_at": null, "live_revision": null, "alias_of": null}}, {"model": "wagtailcore.page", "pk": 9, "fields": {"path": "0001000200010003", "depth": 4, "numchild": 0, "translation_key": "e8f2e2d5-1f94-4389-94a4-b55067cdd2e1", "locale": 1, "title": "Controversy Continues Over Whether Hot Water Freezes Faster Than Cold", "draft_title": "Controversy Continues Over Whether Hot Water Freezes Faster Than Cold", "slug": "controversy-continues-over-whether-hot-water-freezes-faster-than-cold", "content_type": 20, "live": true, "has_unpublished_changes": false, "url_path": "/home-page/all/controversy-continues-over-whether-hot-water-freezes-faster-than-cold/", "owner": null, "seo_title": "", "show_in_menus": false, "search_description": "", "go_live_at": null, "expire_at": null, "expired": false, "locked": false, "locked_at": null, "locked_by": null, "first_published_at": null, "last_published_at": "2022-11-06T14:52:48.968Z", "latest_revision_created_at": null, "live_revision": null, "alias_of": null}}, {"model": "wagtailcore.page", "pk": 10, "fields": {"path": "0001000200010004", "depth": 4, "numchild": 0, "translation_key": "3b2b60f7-9771-4af8-aa7a-64bc5e494bbd", "locale": 1, "title": "How to Make the Universe Think for Us", "draft_title": "How to Make the Universe Think for Us", "slug": "how-to-make-the-universe-think-for-us", "content_type": 20, "live": true, "has_unpublished_changes": false, "url_path": "/home-page/all/how-to-make-the-universe-think-for-us/", "owner": null, "seo_title": "", "show_in_menus": false, "search_description": "", "go_live_at": null, "expire_at": null, "expired": false, "locked": false, "locked_at": null, "locked_by": null, "first_published_at": null, "last_published_at": "2022-11-06T14:52:48.968Z", "latest_revision_created_at": null, "live_revision": null, "alias_of": null}}, {"model": "wagtailcore.page", "pk": 11, "fields": {"path": "0001000200010005", "depth": 4, "numchild": 0, "translation_key": "6452c4b8-f1fb-4703-bf09-535cea18837f", "locale": 1, "title": "Life Helps Make Almost Half of All Minerals on Earth", "draft_title": "Life Helps Make Almost Half of All Minerals on Earth", "slug": "life-helps-make-almost-half-of-all-minerals-on-earth", "content_type": 20, "live": true, "has_unpublished_changes": false, "url_path": "/home-page/all/life-helps-make-almost-half-of-all-minerals-on-earth/", "owner": null, "seo_title": "", "show_in_menus": false, "search_description": "", "go_live_at": null, "expire_at": null, "expired": false, "locked": false, "locked_at": null, "locked_by": null, "first_published_at": null, "last_published_at": "2022-11-06T14:52:48.968Z", "latest_revision_created_at": null, "live_revision": null, "alias_of": null}}, {"model": "wagtailcore.page", "pk": 12, "fields": {"path": "0001000200010006", "depth": 4, "numchild": 0, "translation_key": "97daab8f-59da-4e4e-a799-c4fc6f76345f", "locale": 1, "title": "How to Weigh Truth With a Balance Scale", "draft_title": "How to Weigh Truth With a Balance Scale", "slug": "how-to-weigh-truth-with-a-balance-scale", "content_type": 20, "live": true, "has_unpublished_changes": false, "url_path": "/home-page/all/how-to-weigh-truth-with-a-balance-scale/", "owner": null, "seo_title": "", "show_in_menus": false, "search_description": "", "go_live_at": null, "expire_at": null, "expired": false, "locked": false, "locked_at": null, "locked_by": null, "first_published_at": null, "last_published_at": "2022-11-06T14:52:48.968Z", "latest_revision_created_at": null, "live_revision": null, "alias_of": null}}, {"model": "wagtailcore.page", "pk": 13, "fields": {"path": "0001000200010007", "depth": 4, "numchild": 0, "translation_key": "9e3a0d95-1160-48e2-845e-1b95c7edea0a", "locale": 1, "title": "New Proof Illuminates the Hidden Structure of Common Equations", "draft_title": "New Proof Illuminates the Hidden Structure of Common Equations", "slug": "new-proof-illuminates-the-hidden-structure-of-common-equations", "content_type": 20, "live": true, "has_unpublished_changes": false, "url_path": "/home-page/all/new-proof-illuminates-the-hidden-structure-of-common-equations/", "owner": null, "seo_title": "", "show_in_menus": false, "search_description": "", "go_live_at": null, "expire_at": null, "expired": false, "locked": false, "locked_at": null, "locked_by": null, "first_published_at": null, "last_published_at": "2022-11-06T14:52:48.968Z", "latest_revision_created_at": null, "live_revision": null, "alias_of": null}}, {"model": "wagtailcore.page", "pk": 14, "fields": {"path": "0001000200010008", "depth": 4, "numchild": 0, "translation_key": "4645dd4f-a236-4773-a1c4-9fce704f8f61", "locale": 1, "title": "He Dropped Out to Become a Poet. Now He’s Won a Fields Medal.", "draft_title": "He Dropped Out to Become a Poet. Now He’s Won a Fields Medal.", "slug": "he-dropped-out-to-become-a-poet-now-hes-won-a-fields-medal", "content_type": 20, "live": true, "has_unpublished_changes": false, "url_path": "/home-page/all/he-dropped-out-to-become-a-poet-now-hes-won-a-fields-medal/", "owner": null, "seo_title": "", "show_in_menus": false, "search_description": "", "go_live_at": null, "expire_at": null, "expired": false, "locked": false, "locked_at": null, "locked_by": null, "first_published_at": null, "last_published_at": "2022-11-06T14:52:48.968Z", "latest_revision_created_at": null, "live_revision": null, "alias_of": null}}, {"model": "wagtailcore.page", "pk": 15, "fields": {"path": "0001000200010009", "depth": 4, "numchild": 0, "translation_key": "f62fedc8-e28e-4040-aa10-c99f23b790fe", "locale": 1, "title": "How Electricity Actually Works", "draft_title": "How Electricity Actually Works", "slug": "how-electricity-actually-works", "content_type": 31, "live": true, "has_unpublished_changes": false, "url_path": "/home-page/all/how-electricity-actually-works/", "owner": 1, "seo_title": "", "show_in_menus": false, "search_description": "", "go_live_at": null, "expire_at": null, "expired": false, "locked": false, "locked_at": null, "locked_by": null, "first_published_at": "2022-11-07T14:51:50.381Z", "last_published_at": "2022-11-06T14:52:48.968Z", "latest_revision_created_at": "2022-11-07T14:51:50.340Z", "live_revision": 1, "alias_of": null}}, {"model": "wagtailcore.page", "pk": 16, "fields": {"path": "000100020001000A", "depth": 4, "numchild": 0, "translation_key": "baa416ea-1bee-48d8-8ea5-4d60dcde09f6", "locale": 1, "title": "The Absurd Search For Dark Matter", "draft_title": "The Absurd Search For Dark Matter", "slug": "the-absurd-search-for-dark-matter", "content_type": 31, "live": true, "has_unpublished_changes": false, "url_path": "/home-page/all/the-absurd-search-for-dark-matter/", "owner": 1, "seo_title": "", "show_in_menus": false, "search_description": "", "go_live_at": null, "expire_at": null, "expired": false, "locked": false, "locked_at": null, "locked_by": null, "first_published_at": "2022-11-07T14:52:35.634Z", "last_published_at": "2022-11-06T14:52:48.968Z", "latest_revision_created_at": "2022-11-07T14:52:35.601Z", "live_revision": 2, "alias_of": null}}, {"model": "wagtailcore.pagerevision", "pk": 1, "fields": {"page": 15, "submitted_for_moderation": false, "created_at": "2022-11-07T14:51:50.340Z", "user": 1, "content": {"pk": 15, "live": true, "path": "0001000200010009", "slug": "how-electricity-actually-works", "depth": 4, "owner": 1, "title": "How Electricity Actually Works", "locale": 1, "locked": false, "expired": false, "alias_of": null, "category": 5, "numchild": 0, "og_image": null, "url_path": "/home-page/all/how-electricity-actually-works/", "expire_at": null, "locked_at": null, "locked_by": null, "seo_title": "", "video_url": "[{\"type\": \"video\", \"value\": \"https://www.youtube.com/watch?v=oI_X2cMHNe0\", \"id\": \"3b99f3eb-7cce-48cd-88be-5197ad47f301\"}]", "go_live_at": null, "description": "<p data-block-key=\"9jmqi\">We choose to go to the moon. We choose to go to the moon in this decade and do the other things, not because they are easy, but because they are hard, because that goal will serve to organize and measure the best of our energies and skills, because that challenge is one that we are willing to accept, one we are unwilling to postpone, and one which we intend to win, and the others, too.</p>", "draft_title": "How Electricity Actually Works", "content_type": 31, "tagged_items": [{"pk": 1, "tag": 1, "content_object": 15}], "canonical_url": "", "live_revision": null, "show_in_menus": false, "thumbnail_url": "https://img.youtube.com/vi/oI_X2cMHNe0/0.jpg", "struct_org_logo": null, "struct_org_name": "", "struct_org_type": "", "thumbnail_image": null, "translation_key": "f62fedc8-e28e-4040-aa10-c99f23b790fe", "article_comments": [], "struct_org_hours": "[]", "struct_org_image": null, "struct_org_phone": "", "last_published_at": null, "first_published_at": null, "search_description": "", "struct_org_actions": "[]", "struct_org_geo_lat": null, "struct_org_geo_lng": null, "struct_org_extra_json": "", "wagtail_admin_comments": [], "has_unpublished_changes": false, "struct_org_address_postal": "", "struct_org_address_region": "", "struct_org_address_street": "", "latest_revision_created_at": null, "struct_org_address_country": "", "struct_org_address_locality": ""}, "approved_go_live_at": null}}, {"model": "wagtailcore.pagerevision", "pk": 2, "fields": {"page": 16, "submitted_for_moderation": false, "created_at": "2022-11-07T14:52:35.601Z", "user": 1, "content": {"pk": 16, "live": true, "path": "000100020001000A", "slug": "the-absurd-search-for-dark-matter", "depth": 4, "owner": 1, "title": "The Absurd Search For Dark Matter", "locale": 1, "locked": false, "expired": false, "alias_of": null, "category": 5, "numchild": 0, "og_image": null, "url_path": "/home-page/all/the-absurd-search-for-dark-matter/", "expire_at": null, "locked_at": null, "locked_by": null, "seo_title": "", "video_url": "[{\"type\": \"video\", \"value\": \"https://www.youtube.com/watch?v=6etTERFUlUI\", \"id\": \"26ee6af8-7955-4528-9495-8513d7512f33\"}]", "go_live_at": null, "description": "<p data-block-key=\"a8771\">We choose to go to the moon. We choose to go to the moon in this decade and do the other things, not because they are easy, but because they are hard, because that goal will serve to organize and measure the best of our energies and skills, because that challenge is one that we are willing to accept, one we are unwilling to postpone, and one which we intend to win, and the others, too.</p>", "draft_title": "The Absurd Search For Dark Matter", "content_type": 31, "tagged_items": [{"pk": 2, "tag": 2, "content_object": 16}], "canonical_url": "", "live_revision": null, "show_in_menus": false, "thumbnail_url": "https://img.youtube.com/vi/6etTERFUlUI/0.jpg", "struct_org_logo": null, "struct_org_name": "", "struct_org_type": "", "thumbnail_image": null, "translation_key": "baa416ea-1bee-48d8-8ea5-4d60dcde09f6", "article_comments": [], "struct_org_hours": "[]", "struct_org_image": null, "struct_org_phone": "", "last_published_at": null, "first_published_at": null, "search_description": "", "struct_org_actions": "[]", "struct_org_geo_lat": null, "struct_org_geo_lng": null, "struct_org_extra_json": "", "wagtail_admin_comments": [], "has_unpublished_changes": false, "struct_org_address_postal": "", "struct_org_address_region": "", "struct_org_address_street": "", "latest_revision_created_at": null, "struct_org_address_country": "", "struct_org_address_locality": ""}, "approved_go_live_at": null}}, {"model": "wagtailcore.pagerevision", "pk": 3, "fields": {"page": 3, "submitted_for_moderation": false, "created_at": "2022-11-07T14:57:46.588Z", "user": 1, "content": {"pk": 3, "live": true, "path": "00010002", "slug": "home-page", "depth": 2, "intro": "<p data-block-key=\"9nt6p\">Home page for Neusler Ideas</p>", "owner": null, "title": "Home Page", "locale": 1, "locked": false, "expired": false, "alias_of": null, "numchild": 3, "url_path": "/home-page/", "expire_at": null, "locked_at": null, "locked_by": null, "seo_title": "", "go_live_at": null, "draft_title": "Home Page", "content_type": 15, "live_revision": null, "page_sections": [{"pk": null, "section": 3, "link_page": 4, "sort_order": 0}, {"pk": null, "section": 3, "link_page": 6, "sort_order": 1}], "page_snippets": [1, 2], "show_in_menus": false, "translation_key": "1fd79438-0cb9-4240-a5b2-eab5e2a6cfba", "category_sections": [{"pk": null, "section": 3, "sort_order": 0, "link_category_page": 5}, {"pk": null, "section": 3, "sort_order": 1, "link_category_page": 6}], "last_published_at": "2022-11-06T14:52:48.968Z", "first_published_at": null, "search_description": "", "show_popular_articles": true, "wagtail_admin_comments": [], "has_unpublished_changes": false, "latest_revision_created_at": null}, "approved_go_live_at": null}}, {"model": "wagtailcore.grouppagepermission", "pk": 1, "fields": {"group": 1, "page": 1, "permission_type": "add"}}, {"model": "wagtailcore.grouppagepermission", "pk": 2, "fields": {"group": 1, "page": 1, "permission_type": "edit"}}, {"model": "wagtailcore.grouppagepermission", "pk": 3, "fields": {"group": 1, "page": 1, "permission_type": "publish"}}, {"model": "wagtailcore.grouppagepermission", "pk": 4, "fields": {"group": 2, "page": 1, "permission_type": "add"}}, {"model": "wagtailcore.grouppagepermission", "pk": 5, "fields": {"group": 2, "page": 1, "permission_type": "edit"}}, {"model": "wagtailcore.grouppagepermission", "pk": 6, "fields": {"group": 1, "page": 1, "permission_type": "lock"}}, {"model": "wagtailcore.grouppagepermission", "pk": 7, "fields": {"group": 1, "page": 1, "permission_type": "unlock"}}, {"model": "wagtailcore.workflowpage", "pk": 1, "fields": {"workflow": 1}}, {"model": "wagtailcore.workflowtask", "pk": 1, "fields": {"sort_order": 0, "workflow": 1, "task": 1}}, {"model": "wagtailcore.task", "pk": 1, "fields": {"name": "Moderators approval", "content_type": 2, "active": true}}, {"model": "wagtailcore.workflow", "pk": 1, "fields": {"name": "Moderators approval", "active": true}}, {"model": "wagtailcore.groupapprovaltask", "pk": 1, "fields": {"groups": [1]}}, {"model": "wagtailcore.pagelogentry", "pk": 1, "fields": {"content_type": 15, "label": "Home Page", "action": "wagtail.create", "data": {}, "timestamp": "2022-11-07T14:50:32.915Z", "uuid": null, "user": null, "content_changed": true, "deleted": false, "page": 3, "revision": null}}, {"model": "wagtailcore.pagelogentry", "pk": 2, "fields": {"content_type": 10, "label": "All Articles", "action": "wagtail.create", "data": {}, "timestamp": "2022-11-07T14:50:32.962Z", "uuid": null, "user": null, "content_changed": true, "deleted": false, "page": 4, "revision": null}}, {"model": "wagtailcore.pagelogentry", "pk": 3, "fields": {"content_type": 12, "label": "Physics", "action": "wagtail.create", "data": {}, "timestamp": "2022-11-07T14:50:33.008Z", "uuid": null, "user": null, "content_changed": true, "deleted": false, "page": 5, "revision": null}}, {"model": "wagtailcore.pagelogentry", "pk": 4, "fields": {"content_type": 12, "label": "Mathematics", "action": "wagtail.create", "data": {}, "timestamp": "2022-11-07T14:50:33.099Z", "uuid": null, "user": null, "content_changed": true, "deleted": false, "page": 6, "revision": null}}, {"model": "wagtailcore.pagelogentry", "pk": 5, "fields": {"content_type": 20, "label": "Mass and Angular Momentum, Left Ambiguous by Einstein, Get Defined", "action": "wagtail.create", "data": {}, "timestamp": "2022-11-07T14:50:33.197Z", "uuid": null, "user": null, "content_changed": true, "deleted": false, "page": 7, "revision": null}}, {"model": "wagtailcore.pagelogentry", "pk": 6, "fields": {"content_type": 20, "label": "Astronomers Reimagine the Making of the Planets", "action": "wagtail.create", "data": {}, "timestamp": "2022-11-07T14:50:33.264Z", "uuid": null, "user": null, "content_changed": true, "deleted": false, "page": 8, "revision": null}}, {"model": "wagtailcore.pagelogentry", "pk": 7, "fields": {"content_type": 20, "label": "Controversy Continues Over Whether Hot Water Freezes Faster Than Cold", "action": "wagtail.create", "data": {}, "timestamp": "2022-11-07T14:50:33.338Z", "uuid": null, "user": null, "content_changed": true, "deleted": false, "page": 9, "revision": null}}, {"model": "wagtailcore.pagelogentry", "pk": 8, "fields": {"content_type": 20, "label": "How to Make the Universe Think for Us", "action": "wagtail.create", "data": {}, "timestamp": "2022-11-07T14:50:33.407Z", "uuid": null, "user": null, "content_changed": true, "deleted": false, "page": 10, "revision": null}}, {"model": "wagtailcore.pagelogentry", "pk": 9, "fields": {"content_type": 20, "label": "Life Helps Make Almost Half of All Minerals on Earth", "action": "wagtail.create", "data": {}, "timestamp": "2022-11-07T14:50:33.483Z", "uuid": null, "user": null, "content_changed": true, "deleted": false, "page": 11, "revision": null}}, {"model": "wagtailcore.pagelogentry", "pk": 10, "fields": {"content_type": 20, "label": "How to Weigh Truth With a Balance Scale", "action": "wagtail.create", "data": {}, "timestamp": "2022-11-07T14:50:33.547Z", "uuid": null, "user": null, "content_changed": true, "deleted": false, "page": 12, "revision": null}}, {"model": "wagtailcore.pagelogentry", "pk": 11, "fields": {"content_type": 20, "label": "New Proof Illuminates the Hidden Structure of Common Equations", "action": "wagtail.create", "data": {}, "timestamp": "2022-11-07T14:50:33.612Z", "uuid": null, "user": null, "content_changed": true, "deleted": false, "page": 13, "revision": null}}, {"model": "wagtailcore.pagelogentry", "pk": 12, "fields": {"content_type": 20, "label": "He Dropped Out to Become a Poet. Now He’s Won a Fields Medal.", "action": "wagtail.create", "data": {}, "timestamp": "2022-11-07T14:50:33.671Z", "uuid": null, "user": null, "content_changed": true, "deleted": false, "page": 14, "revision": null}}, {"model": "wagtailcore.pagelogentry", "pk": 13, "fields": {"content_type": 31, "label": "How Electricity Actually Works", "action": "wagtail.create", "data": {}, "timestamp": "2022-11-07T14:51:50.306Z", "uuid": "a3a2768f-7213-4ad8-acce-eb39aa7b1723", "user": 1, "content_changed": true, "deleted": false, "page": 15, "revision": null}}, {"model": "wagtailcore.pagelogentry", "pk": 14, "fields": {"content_type": 31, "label": "How Electricity Actually Works", "action": "wagtail.publish", "data": {}, "timestamp": "2022-11-07T14:51:50.457Z", "uuid": "a3a2768f-7213-4ad8-acce-eb39aa7b1723", "user": 1, "content_changed": true, "deleted": false, "page": 15, "revision": 1}}, {"model": "wagtailcore.pagelogentry", "pk": 15, "fields": {"content_type": 31, "label": "The Absurd Search For Dark Matter", "action": "wagtail.create", "data": {}, "timestamp": "2022-11-07T14:52:35.577Z", "uuid": "2c2dedf6-9769-4798-a264-4878e1d5d249", "user": 1, "content_changed": true, "deleted": false, "page": 16, "revision": null}}, {"model": "wagtailcore.pagelogentry", "pk": 16, "fields": {"content_type": 31, "label": "The Absurd Search For Dark Matter", "action": "wagtail.publish", "data": {}, "timestamp": "2022-11-07T14:52:35.695Z", "uuid": "2c2dedf6-9769-4798-a264-4878e1d5d249", "user": 1, "content_changed": true, "deleted": false, "page": 16, "revision": 2}}, {"model": "wagtailcore.pagelogentry", "pk": 17, "fields": {"content_type": 15, "label": "Home Page", "action": "wagtail.edit", "data": {}, "timestamp": "2022-11-07T14:57:46.610Z", "uuid": "f788e77a-20b6-447c-b358-523d2930d352", "user": 1, "content_changed": true, "deleted": false, "page": 3, "revision": 3}}, {"model": "wagtailcore.pagelogentry", "pk": 18, "fields": {"content_type": 15, "label": "Home Page", "action": "wagtail.publish", "data": {}, "timestamp": "2022-11-07T14:57:46.695Z", "uuid": "f788e77a-20b6-447c-b358-523d2930d352", "user": 1, "content_changed": true, "deleted": false, "page": 3, "revision": 3}}, {"model": "wagtailcore.pagesubscription", "pk": 1, "fields": {"user": 1, "page": 15, "comment_notifications": true}}, {"model": "wagtailcore.pagesubscription", "pk": 2, "fields": {"user": 1, "page": 16, "comment_notifications": true}}, {"model": "wagtailcore.pagesubscription", "pk": 3, "fields": {"user": 1, "page": 3, "comment_notifications": false}}]