[{"model": "wagtailcore.locale", "pk": 1, "fields": {"language_code": "en"}}, {"model": "wagtailcore.site", "pk": 1, "fields": {"hostname": "localhost", "port": 8000, "site_name": "", "root_page": 3, "is_default_site": true}}, {"model": "wagtailcore.modellogentry", "pk": 1, "fields": {"content_type": 23, "label": "Main", "action": "wagtail.create", "data": {}, "timestamp": "2022-09-18T14:52:41.756Z", "uuid": "7e62d671-253a-4e5e-8997-99d4d11ab676", "user": 1, "content_changed": false, "deleted": false, "object_id": "1"}}, {"model": "wagtailcore.modellogentry", "pk": 2, "fields": {"content_type": 23, "label": "Categories", "action": "wagtail.create", "data": {}, "timestamp": "2022-09-18T14:53:20.315Z", "uuid": "02c57944-e9f6-4435-9732-06f27a1fdbcf", "user": 1, "content_changed": false, "deleted": false, "object_id": "2"}}, {"model": "wagtailcore.modellogentry", "pk": 3, "fields": {"content_type": 62, "label": "localhost:8000 [default]", "action": "wagtail.edit", "data": {}, "timestamp": "2022-09-18T14:53:34.136Z", "uuid": "1d5e08e3-3264-490c-b253-6f8e15305316", "user": 1, "content_changed": false, "deleted": false, "object_id": "1"}}, {"model": "wagtailcore.modellogentry", "pk": 4, "fields": {"content_type": 26, "label": "Featured", "action": "wagtail.create", "data": {}, "timestamp": "2022-09-18T14:54:50.890Z", "uuid": "254b9c0e-9d55-443e-ab13-d5949d3c2b01", "user": 1, "content_changed": false, "deleted": false, "object_id": "1"}}, {"model": "wagtailcore.modellogentry", "pk": 5, "fields": {"content_type": 26, "label": "Best of the Week", "action": "wagtail.create", "data": {}, "timestamp": "2022-09-18T14:55:23.344Z", "uuid": "25106760-39a7-4021-9106-f68dae371188", "user": 1, "content_changed": false, "deleted": false, "object_id": "2"}}, {"model": "wagtailcore.modellogentry", "pk": 6, "fields": {"content_type": 21, "label": "Home Page Ad - Test", "action": "wagtail.create", "data": {}, "timestamp": "2022-09-18T14:56:19.576Z", "uuid": "30f3bc82-88da-4b9e-b45e-f64ca9dbf7d2", "user": 1, "content_changed": false, "deleted": false, "object_id": "1"}}, {"model": "wagtailcore.modellogentry", "pk": 7, "fields": {"content_type": 21, "label": "Category Ad - Test", "action": "wagtail.create", "data": {}, "timestamp": "2022-09-18T14:56:35.029Z", "uuid": "88600acf-37e5-46ed-aa6a-2a2a71c48b4e", "user": 1, "content_changed": false, "deleted": false, "object_id": "2"}}, {"model": "wagtailcore.modellogentry", "pk": 8, "fields": {"content_type": 21, "label": "Category Ad - Test", "action": "wagtail.delete", "data": {}, "timestamp": "2022-09-18T14:56:45.748Z", "uuid": "abbf4ad4-df8c-43cf-bf85-e2dce7d5aadb", "user": 1, "content_changed": false, "deleted": false, "object_id": "2"}}, {"model": "wagtailcore.modellogentry", "pk": 9, "fields": {"content_type": 15, "label": "Category Ad - Test", "action": "wagtail.create", "data": {}, "timestamp": "2022-09-18T14:57:01.736Z", "uuid": "3c4bb883-d180-48b6-bd10-af9add365556", "user": 1, "content_changed": false, "deleted": false, "object_id": "1"}}, {"model": "wagtailcore.collection", "pk": 1, "fields": {"path": "0001", "depth": 1, "numchild": 0, "name": "Root"}}, {"model": "wagtailcore.groupcollectionpermission", "pk": 1, "fields": {"group": 1, "collection": 1, "permission": 1}}, {"model": "wagtailcore.groupcollectionpermission", "pk": 2, "fields": {"group": 2, "collection": 1, "permission": 1}}, {"model": "wagtailcore.groupcollectionpermission", "pk": 3, "fields": {"group": 1, "collection": 1, "permission": 2}}, {"model": "wagtailcore.groupcollectionpermission", "pk": 4, "fields": {"group": 2, "collection": 1, "permission": 2}}, {"model": "wagtailcore.groupcollectionpermission", "pk": 5, "fields": {"group": 1, "collection": 1, "permission": 7}}, {"model": "wagtailcore.groupcollectionpermission", "pk": 6, "fields": {"group": 2, "collection": 1, "permission": 7}}, {"model": "wagtailcore.groupcollectionpermission", "pk": 7, "fields": {"group": 1, "collection": 1, "permission": 8}}, {"model": "wagtailcore.groupcollectionpermission", "pk": 8, "fields": {"group": 2, "collection": 1, "permission": 8}}, {"model": "wagtailcore.groupcollectionpermission", "pk": 9, "fields": {"group": 1, "collection": 1, "permission": 10}}, {"model": "wagtailcore.groupcollectionpermission", "pk": 10, "fields": {"group": 2, "collection": 1, "permission": 10}}, {"model": "wagtailcore.page", "pk": 1, "fields": {"path": "0001", "depth": 1, "numchild": 2, "translation_key": "4271c462-b881-473e-b024-56b782d723d9", "locale": 1, "title": "Root", "draft_title": "Root", "slug": "root", "content_type": 1, "live": true, "has_unpublished_changes": false, "url_path": "/", "owner": null, "seo_title": "", "show_in_menus": false, "search_description": "", "go_live_at": null, "expire_at": null, "expired": false, "locked": false, "locked_at": null, "locked_by": null, "first_published_at": null, "last_published_at": "2022-09-17T14:51:35.632Z", "latest_revision_created_at": null, "live_revision": null, "alias_of": null}}, {"model": "wagtailcore.page", "pk": 2, "fields": {"path": "00010001", "depth": 2, "numchild": 0, "translation_key": "2d9429b3-17f4-4b32-8d2f-d8acd540e35e", "locale": 1, "title": "Welcome to your new Wagtail site!", "draft_title": "Welcome to your new Wagtail site!", "slug": "home", "content_type": 1, "live": true, "has_unpublished_changes": false, "url_path": "/home/", "owner": null, "seo_title": "", "show_in_menus": false, "search_description": "", "go_live_at": null, "expire_at": null, "expired": false, "locked": false, "locked_at": null, "locked_by": null, "first_published_at": null, "last_published_at": "2022-09-17T14:51:35.632Z", "latest_revision_created_at": null, "live_revision": null, "alias_of": null}}, {"model": "wagtailcore.page", "pk": 3, "fields": {"path": "00010002", "depth": 2, "numchild": 3, "translation_key": "f5640e24-2b1a-484c-83c1-adf81ddef1d4", "locale": 1, "title": "Home Page", "draft_title": "Home Page", "slug": "home-page", "content_type": 20, "live": true, "has_unpublished_changes": false, "url_path": "/home-page/", "owner": null, "seo_title": "", "show_in_menus": false, "search_description": "", "go_live_at": null, "expire_at": null, "expired": false, "locked": false, "locked_at": null, "locked_by": null, "first_published_at": "2022-09-18T14:58:24.006Z", "last_published_at": "2022-09-18T14:58:24.006Z", "latest_revision_created_at": "2022-09-18T14:58:23.942Z", "live_revision": 6, "alias_of": null}}, {"model": "wagtailcore.page", "pk": 4, "fields": {"path": "000100020001", "depth": 3, "numchild": 10, "translation_key": "bfd6dfc5-3910-4a31-9984-2e8777c385f3", "locale": 1, "title": "All Articles", "draft_title": "All Articles", "slug": "all", "content_type": 10, "live": true, "has_unpublished_changes": false, "url_path": "/home-page/all/", "owner": null, "seo_title": "", "show_in_menus": false, "search_description": "", "go_live_at": null, "expire_at": null, "expired": false, "locked": false, "locked_at": null, "locked_by": null, "first_published_at": null, "last_published_at": "2022-09-17T14:51:35.632Z", "latest_revision_created_at": null, "live_revision": null, "alias_of": null}}, {"model": "wagtailcore.page", "pk": 5, "fields": {"path": "000100020002", "depth": 3, "numchild": 0, "translation_key": "e670087b-9da1-4259-bb57-37b09e1cab18", "locale": 1, "title": "Physics", "draft_title": "Physics", "slug": "physics", "content_type": 14, "live": true, "has_unpublished_changes": false, "url_path": "/home-page/physics/", "owner": null, "seo_title": "", "show_in_menus": false, "search_description": "", "go_live_at": null, "expire_at": null, "expired": false, "locked": false, "locked_at": null, "locked_by": null, "first_published_at": null, "last_published_at": "2022-09-17T14:51:35.632Z", "latest_revision_created_at": null, "live_revision": null, "alias_of": null}}, {"model": "wagtailcore.page", "pk": 6, "fields": {"path": "000100020003", "depth": 3, "numchild": 0, "translation_key": "95e0f86e-27e5-4f7a-8a3c-6b3a95e3aff7", "locale": 1, "title": "Mathematics", "draft_title": "Mathematics", "slug": "mathematics", "content_type": 14, "live": true, "has_unpublished_changes": false, "url_path": "/home-page/mathematics/", "owner": null, "seo_title": "", "show_in_menus": false, "search_description": "", "go_live_at": null, "expire_at": null, "expired": false, "locked": false, "locked_at": null, "locked_by": null, "first_published_at": null, "last_published_at": "2022-09-17T14:51:35.632Z", "latest_revision_created_at": null, "live_revision": null, "alias_of": null}}, {"model": "wagtailcore.page", "pk": 7, "fields": {"path": "0001000200010001", "depth": 4, "numchild": 0, "translation_key": "67c19ab4-547d-4b77-95ba-7b06483b2729", "locale": 1, "title": "Mass and Angular Momentum, Left Ambiguous by Einstein, Get Defined", "draft_title": "Mass and Angular Momentum, Left Ambiguous by Einstein, Get Defined", "slug": "mass-and-angular-momentum-left-ambiguous-by-einstein-get-defined", "content_type": 28, "live": true, "has_unpublished_changes": false, "url_path": "/home-page/all/mass-and-angular-momentum-left-ambiguous-by-einstein-get-defined/", "owner": null, "seo_title": "", "show_in_menus": false, "search_description": "", "go_live_at": null, "expire_at": null, "expired": false, "locked": false, "locked_at": null, "locked_by": null, "first_published_at": null, "last_published_at": "2022-09-17T14:51:35.632Z", "latest_revision_created_at": null, "live_revision": null, "alias_of": null}}, {"model": "wagtailcore.page", "pk": 8, "fields": {"path": "0001000200010002", "depth": 4, "numchild": 0, "translation_key": "c7a96639-b1e0-4886-9f4b-bdfcf06c5e74", "locale": 1, "title": "Astronomers Reimagine the Making of the Planets", "draft_title": "Astronomers Reimagine the Making of the Planets", "slug": "astronomers-reimagine-the-making-of-the-planets", "content_type": 28, "live": true, "has_unpublished_changes": false, "url_path": "/home-page/all/astronomers-reimagine-the-making-of-the-planets/", "owner": null, "seo_title": "", "show_in_menus": false, "search_description": "", "go_live_at": null, "expire_at": null, "expired": false, "locked": false, "locked_at": null, "locked_by": null, "first_published_at": null, "last_published_at": "2022-09-17T14:51:35.632Z", "latest_revision_created_at": null, "live_revision": null, "alias_of": null}}, {"model": "wagtailcore.page", "pk": 9, "fields": {"path": "0001000200010003", "depth": 4, "numchild": 0, "translation_key": "b41116ce-c61c-4d12-8f68-ce6e50716f1f", "locale": 1, "title": "Controversy Continues Over Whether Hot Water Freezes Faster Than Cold", "draft_title": "Controversy Continues Over Whether Hot Water Freezes Faster Than Cold", "slug": "controversy-continues-over-whether-hot-water-freezes-faster-than-cold", "content_type": 28, "live": true, "has_unpublished_changes": false, "url_path": "/home-page/all/controversy-continues-over-whether-hot-water-freezes-faster-than-cold/", "owner": null, "seo_title": "", "show_in_menus": false, "search_description": "", "go_live_at": null, "expire_at": null, "expired": false, "locked": false, "locked_at": null, "locked_by": null, "first_published_at": null, "last_published_at": "2022-09-17T14:51:35.632Z", "latest_revision_created_at": null, "live_revision": null, "alias_of": null}}, {"model": "wagtailcore.page", "pk": 10, "fields": {"path": "0001000200010004", "depth": 4, "numchild": 0, "translation_key": "a0e82b4e-1737-4d90-b460-813927e25a58", "locale": 1, "title": "How to Make the Universe Think for Us", "draft_title": "How to Make the Universe Think for Us", "slug": "how-to-make-the-universe-think-for-us", "content_type": 28, "live": true, "has_unpublished_changes": false, "url_path": "/home-page/all/how-to-make-the-universe-think-for-us/", "owner": null, "seo_title": "", "show_in_menus": false, "search_description": "", "go_live_at": null, "expire_at": null, "expired": false, "locked": false, "locked_at": null, "locked_by": null, "first_published_at": null, "last_published_at": "2022-09-17T14:51:35.632Z", "latest_revision_created_at": null, "live_revision": null, "alias_of": null}}, {"model": "wagtailcore.page", "pk": 11, "fields": {"path": "0001000200010005", "depth": 4, "numchild": 0, "translation_key": "dc6cc39a-1ab2-468b-9d0a-142886796c36", "locale": 1, "title": "Life Helps Make Almost Half of All Minerals on Earth", "draft_title": "Life Helps Make Almost Half of All Minerals on Earth", "slug": "life-helps-make-almost-half-of-all-minerals-on-earth", "content_type": 28, "live": true, "has_unpublished_changes": false, "url_path": "/home-page/all/life-helps-make-almost-half-of-all-minerals-on-earth/", "owner": null, "seo_title": "", "show_in_menus": false, "search_description": "", "go_live_at": null, "expire_at": null, "expired": false, "locked": false, "locked_at": null, "locked_by": null, "first_published_at": null, "last_published_at": "2022-09-17T14:51:35.632Z", "latest_revision_created_at": null, "live_revision": null, "alias_of": null}}, {"model": "wagtailcore.page", "pk": 12, "fields": {"path": "0001000200010006", "depth": 4, "numchild": 0, "translation_key": "f8f3ec2e-1bfb-4f92-8a53-52ccf958a24c", "locale": 1, "title": "How to Weigh Truth With a Balance Scale", "draft_title": "How to Weigh Truth With a Balance Scale", "slug": "how-to-weigh-truth-with-a-balance-scale", "content_type": 28, "live": true, "has_unpublished_changes": false, "url_path": "/home-page/all/how-to-weigh-truth-with-a-balance-scale/", "owner": null, "seo_title": "", "show_in_menus": false, "search_description": "", "go_live_at": null, "expire_at": null, "expired": false, "locked": false, "locked_at": null, "locked_by": null, "first_published_at": null, "last_published_at": "2022-09-17T14:51:35.632Z", "latest_revision_created_at": null, "live_revision": null, "alias_of": null}}, {"model": "wagtailcore.page", "pk": 13, "fields": {"path": "0001000200010007", "depth": 4, "numchild": 0, "translation_key": "5a6e66a1-e6bb-4558-beff-816ac8a01986", "locale": 1, "title": "New Proof Illuminates the Hidden Structure of Common Equations", "draft_title": "New Proof Illuminates the Hidden Structure of Common Equations", "slug": "new-proof-illuminates-the-hidden-structure-of-common-equations", "content_type": 28, "live": true, "has_unpublished_changes": false, "url_path": "/home-page/all/new-proof-illuminates-the-hidden-structure-of-common-equations/", "owner": null, "seo_title": "", "show_in_menus": false, "search_description": "", "go_live_at": null, "expire_at": null, "expired": false, "locked": false, "locked_at": null, "locked_by": null, "first_published_at": null, "last_published_at": "2022-09-17T14:51:35.632Z", "latest_revision_created_at": null, "live_revision": null, "alias_of": null}}, {"model": "wagtailcore.page", "pk": 14, "fields": {"path": "0001000200010008", "depth": 4, "numchild": 0, "translation_key": "815fb679-6277-455f-b480-2a63ea8cb9f9", "locale": 1, "title": "He Dropped Out to Become a Poet. Now He’s Won a Fields Medal.", "draft_title": "He Dropped Out to Become a Poet. Now He’s Won a Fields Medal.", "slug": "he-dropped-out-to-become-a-poet-now-hes-won-a-fields-medal", "content_type": 28, "live": true, "has_unpublished_changes": false, "url_path": "/home-page/all/he-dropped-out-to-become-a-poet-now-hes-won-a-fields-medal/", "owner": null, "seo_title": "", "show_in_menus": false, "search_description": "", "go_live_at": null, "expire_at": null, "expired": false, "locked": false, "locked_at": null, "locked_by": null, "first_published_at": null, "last_published_at": "2022-09-17T14:51:35.632Z", "latest_revision_created_at": null, "live_revision": null, "alias_of": null}}, {"model": "wagtailcore.page", "pk": 15, "fields": {"path": "0001000200010009", "depth": 4, "numchild": 0, "translation_key": "7d791ffc-9113-44bb-a6e1-4a7082f8209e", "locale": 1, "title": "How Electricity Actually Works", "draft_title": "How Electricity Actually Works", "slug": "how-electricity-actually-works", "content_type": 29, "live": true, "has_unpublished_changes": false, "url_path": "/home-page/all/how-electricity-actually-works/", "owner": 1, "seo_title": "", "show_in_menus": false, "search_description": "", "go_live_at": null, "expire_at": null, "expired": false, "locked": false, "locked_at": null, "locked_by": null, "first_published_at": "2022-09-18T14:36:45.733Z", "last_published_at": "2022-09-17T14:51:35.632Z", "latest_revision_created_at": "2022-09-18T14:50:31.334Z", "live_revision": 4, "alias_of": null}}, {"model": "wagtailcore.page", "pk": 16, "fields": {"path": "000100020001000A", "depth": 4, "numchild": 0, "translation_key": "07a28cf0-7643-4b8d-b6e1-be74426ba1a4", "locale": 1, "title": "The Absurd Search For Dark Matter", "draft_title": "The Absurd Search For Dark Matter", "slug": "the-absurd-search-for-dark-matter", "content_type": 29, "live": true, "has_unpublished_changes": false, "url_path": "/home-page/all/the-absurd-search-for-dark-matter/", "owner": 1, "seo_title": "", "show_in_menus": false, "search_description": "", "go_live_at": null, "expire_at": null, "expired": false, "locked": false, "locked_at": null, "locked_by": null, "first_published_at": "2022-09-18T14:51:21.975Z", "last_published_at": "2022-09-17T14:51:35.632Z", "latest_revision_created_at": "2022-09-18T14:51:21.943Z", "live_revision": 5, "alias_of": null}}, {"model": "wagtailcore.pagerevision", "pk": 1, "fields": {"page": 15, "submitted_for_moderation": false, "created_at": "2022-09-18T14:36:45.699Z", "user": 1, "content": {"pk": 15, "live": true, "path": "0001000200010009", "slug": "how-electricity-actually-works", "depth": 4, "owner": 1, "title": "How Electricity Actually Works", "locale": 1, "locked": false, "expired": false, "alias_of": null, "category": 5, "numchild": 0, "og_image": null, "url_path": "/home-page/all/how-electricity-actually-works/", "expire_at": null, "locked_at": null, "locked_by": null, "seo_title": "", "video_url": "[{\"type\": \"video\", \"value\": \"https://www.youtube.com/watch?v=oI_X2cMHNe0\", \"id\": \"bafbbe63-f984-477d-8f9c-df09de0d3e87\"}]", "go_live_at": null, "description": "<p data-block-key=\"75njf\">We choose to go to the moon. We choose to go to the moon in this decade and do the other things, not because they are easy, but because they are hard, because that goal will serve to organize and measure the best of our energies and skills, because that challenge is one that we are willing to accept, one we are unwilling to postpone, and one which we intend to win, and the others, too.</p>", "draft_title": "How Electricity Actually Works", "content_type": 29, "tagged_items": [{"pk": 1, "tag": 1, "content_object": 15}], "canonical_url": "", "live_revision": null, "show_in_menus": false, "thumbnail_url": "https://img.youtube.com/vi/oI_X2cMHNe0/0.jpg", "struct_org_logo": null, "struct_org_name": "", "struct_org_type": "", "thumbnail_image": null, "translation_key": "7d791ffc-9113-44bb-a6e1-4a7082f8209e", "article_comments": [], "struct_org_hours": "[]", "struct_org_image": null, "struct_org_phone": "", "last_published_at": null, "first_published_at": null, "search_description": "", "struct_org_actions": "[]", "struct_org_geo_lat": null, "struct_org_geo_lng": null, "struct_org_extra_json": "", "wagtail_admin_comments": [], "has_unpublished_changes": false, "social_medias_shared_to": [], "struct_org_address_postal": "", "struct_org_address_region": "", "struct_org_address_street": "", "latest_revision_created_at": null, "struct_org_address_country": "", "struct_org_address_locality": ""}, "approved_go_live_at": null}}, {"model": "wagtailcore.pagerevision", "pk": 2, "fields": {"page": 15, "submitted_for_moderation": false, "created_at": "2022-09-18T14:46:05.189Z", "user": 1, "content": {"pk": 15, "live": true, "path": "0001000200010009", "slug": "how-electricity-actually-works", "depth": 4, "owner": 1, "title": "How Electricity Actually Works", "locale": 1, "locked": false, "expired": false, "alias_of": null, "category": 5, "numchild": 0, "og_image": null, "url_path": "/home-page/all/how-electricity-actually-works/", "expire_at": null, "locked_at": null, "locked_by": null, "seo_title": "", "video_url": "[{\"type\": \"video\", \"value\": \"https://www.youtube.com/watch?v=oI_X2cMHNe0\", \"id\": \"bafbbe63-f984-477d-8f9c-df09de0d3e87\"}]", "go_live_at": null, "description": "<p data-block-key=\"75njf\">We choose to go to the moon. We choose to go to the moon in this decade and do the other things, not because they are easy, but because they are hard, because that goal will serve to organize and measure the best of our energies and skills, because that challenge is one that we are willing to accept, one we are unwilling to postpone, and one which we intend to win, and the others, too.</p>", "draft_title": "How Electricity Actually Works", "content_type": 29, "tagged_items": [{"pk": null, "tag": 1, "content_object": 15}], "canonical_url": "", "live_revision": 1, "show_in_menus": false, "thumbnail_url": "https://img.youtube.com/vi/oI_X2cMHNe0/0.jpg", "struct_org_logo": null, "struct_org_name": "", "struct_org_type": "", "thumbnail_image": null, "translation_key": "7d791ffc-9113-44bb-a6e1-4a7082f8209e", "article_comments": [], "struct_org_hours": "[]", "struct_org_image": null, "struct_org_phone": "", "last_published_at": "2022-09-18T14:36:45.733Z", "first_published_at": "2022-09-18T14:36:45.733Z", "search_description": "", "struct_org_actions": "[]", "struct_org_geo_lat": null, "struct_org_geo_lng": null, "struct_org_extra_json": "", "wagtail_admin_comments": [], "has_unpublished_changes": false, "social_medias_shared_to": [], "struct_org_address_postal": "", "struct_org_address_region": "", "struct_org_address_street": "", "latest_revision_created_at": "2022-09-18T14:36:45.699Z", "struct_org_address_country": "", "struct_org_address_locality": ""}, "approved_go_live_at": null}}, {"model": "wagtailcore.pagerevision", "pk": 3, "fields": {"page": 15, "submitted_for_moderation": false, "created_at": "2022-09-18T14:47:06.878Z", "user": 1, "content": {"pk": 15, "live": true, "path": "0001000200010009", "slug": "how-electricity-actually-works", "depth": 4, "owner": 1, "title": "How Electricity Actually Works", "locale": 1, "locked": false, "expired": false, "alias_of": null, "category": 5, "numchild": 0, "og_image": null, "url_path": "/home-page/all/how-electricity-actually-works/", "expire_at": null, "locked_at": null, "locked_by": null, "seo_title": "", "video_url": "[{\"type\": \"video\", \"value\": \"https://www.youtube.com/watch?v=oI_X2cMHNe0\", \"id\": \"bafbbe63-f984-477d-8f9c-df09de0d3e87\"}]", "go_live_at": null, "description": "<p data-block-key=\"75njf\">We choose to go to the moon. We choose to go to the moon in this decade and do the other things, not because they are easy, but because they are hard, because that goal will serve to organize and measure the best of our energies and skills, because that challenge is one that we are willing to accept, one we are unwilling to postpone, and one which we intend to win, and the others, too.</p>", "draft_title": "How Electricity Actually Works", "content_type": 29, "tagged_items": [{"pk": null, "tag": 1, "content_object": 15}], "canonical_url": "", "live_revision": 2, "show_in_menus": false, "thumbnail_url": "https://img.youtube.com/vi/oI_X2cMHNe0/0.jpg", "struct_org_logo": null, "struct_org_name": "", "struct_org_type": "", "thumbnail_image": null, "translation_key": "7d791ffc-9113-44bb-a6e1-4a7082f8209e", "article_comments": [], "struct_org_hours": "[]", "struct_org_image": null, "struct_org_phone": "", "last_published_at": "2022-09-18T14:46:05.288Z", "first_published_at": "2022-09-18T14:36:45.733Z", "search_description": "", "struct_org_actions": "[]", "struct_org_geo_lat": null, "struct_org_geo_lng": null, "struct_org_extra_json": "", "wagtail_admin_comments": [], "has_unpublished_changes": false, "social_medias_shared_to": [], "struct_org_address_postal": "", "struct_org_address_region": "", "struct_org_address_street": "", "latest_revision_created_at": "2022-09-18T14:46:05.189Z", "struct_org_address_country": "", "struct_org_address_locality": ""}, "approved_go_live_at": null}}, {"model": "wagtailcore.pagerevision", "pk": 4, "fields": {"page": 15, "submitted_for_moderation": false, "created_at": "2022-09-18T14:50:31.334Z", "user": 1, "content": {"pk": 15, "live": true, "path": "0001000200010009", "slug": "how-electricity-actually-works", "depth": 4, "owner": 1, "title": "How Electricity Actually Works", "locale": 1, "locked": false, "expired": false, "alias_of": null, "category": 5, "numchild": 0, "og_image": null, "url_path": "/home-page/all/how-electricity-actually-works/", "expire_at": null, "locked_at": null, "locked_by": null, "seo_title": "", "video_url": "[{\"type\": \"video\", \"value\": \"https://www.youtube.com/watch?v=oI_X2cMHNe0\", \"id\": \"bafbbe63-f984-477d-8f9c-df09de0d3e87\"}]", "go_live_at": null, "description": "<p data-block-key=\"75njf\">We choose to go to the moon. We choose to go to the moon in this decade and do the other things, not because they are easy, but because they are hard, because that goal will serve to organize and measure the best of our energies and skills, because that challenge is one that we are willing to accept, one we are unwilling to postpone, and one which we intend to win, and the others, too.</p>", "draft_title": "How Electricity Actually Works", "content_type": 29, "tagged_items": [{"pk": null, "tag": 1, "content_object": 15}], "canonical_url": "", "live_revision": 3, "show_in_menus": false, "thumbnail_url": "https://img.youtube.com/vi/oI_X2cMHNe0/0.jpg", "struct_org_logo": null, "struct_org_name": "", "struct_org_type": "", "thumbnail_image": null, "translation_key": "7d791ffc-9113-44bb-a6e1-4a7082f8209e", "article_comments": [], "struct_org_hours": "[]", "struct_org_image": null, "struct_org_phone": "", "last_published_at": "2022-09-18T14:47:06.962Z", "first_published_at": "2022-09-18T14:36:45.733Z", "search_description": "", "struct_org_actions": "[]", "struct_org_geo_lat": null, "struct_org_geo_lng": null, "struct_org_extra_json": "", "wagtail_admin_comments": [], "has_unpublished_changes": false, "social_medias_shared_to": [], "struct_org_address_postal": "", "struct_org_address_region": "", "struct_org_address_street": "", "latest_revision_created_at": "2022-09-18T14:47:06.878Z", "struct_org_address_country": "", "struct_org_address_locality": ""}, "approved_go_live_at": null}}, {"model": "wagtailcore.pagerevision", "pk": 5, "fields": {"page": 16, "submitted_for_moderation": false, "created_at": "2022-09-18T14:51:21.943Z", "user": 1, "content": {"pk": 16, "live": true, "path": "000100020001000A", "slug": "the-absurd-search-for-dark-matter", "depth": 4, "owner": 1, "title": "The Absurd Search For Dark Matter", "locale": 1, "locked": false, "expired": false, "alias_of": null, "category": 5, "numchild": 0, "og_image": null, "url_path": "/home-page/all/the-absurd-search-for-dark-matter/", "expire_at": null, "locked_at": null, "locked_by": null, "seo_title": "", "video_url": "[{\"type\": \"video\", \"value\": \"https://www.youtube.com/watch?v=6etTERFUlUI\", \"id\": \"f21761d3-34f4-45fb-a0cc-87a0c87f76c3\"}]", "go_live_at": null, "description": "<p data-block-key=\"4sctx\">We choose to go to the moon. We choose to go to the moon in this decade and do the other things, not because they are easy, but because they are hard, because that goal will serve to organize and measure the best of our energies and skills, because that challenge is one that we are willing to accept, one we are unwilling to postpone, and one which we intend to win, and the others, too.</p>", "draft_title": "The Absurd Search For Dark Matter", "content_type": 29, "tagged_items": [{"pk": 5, "tag": 2, "content_object": 16}], "canonical_url": "", "live_revision": null, "show_in_menus": false, "thumbnail_url": "https://img.youtube.com/vi/6etTERFUlUI/0.jpg", "struct_org_logo": null, "struct_org_name": "", "struct_org_type": "", "thumbnail_image": null, "translation_key": "07a28cf0-7643-4b8d-b6e1-be74426ba1a4", "article_comments": [], "struct_org_hours": "[]", "struct_org_image": null, "struct_org_phone": "", "last_published_at": null, "first_published_at": null, "search_description": "", "struct_org_actions": "[]", "struct_org_geo_lat": null, "struct_org_geo_lng": null, "struct_org_extra_json": "", "wagtail_admin_comments": [], "has_unpublished_changes": false, "social_medias_shared_to": [], "struct_org_address_postal": "", "struct_org_address_region": "", "struct_org_address_street": "", "latest_revision_created_at": null, "struct_org_address_country": "", "struct_org_address_locality": ""}, "approved_go_live_at": null}}, {"model": "wagtailcore.pagerevision", "pk": 6, "fields": {"page": 3, "submitted_for_moderation": false, "created_at": "2022-09-18T14:58:23.942Z", "user": 1, "content": {"pk": 3, "live": true, "path": "00010002", "slug": "home-page", "depth": 2, "intro": "<p data-block-key=\"p1wwg\">This is the home page for Four Axioms demo page</p>", "owner": null, "title": "Home Page", "locale": 1, "locked": false, "expired": false, "alias_of": null, "numchild": 3, "url_path": "/home-page/", "expire_at": null, "locked_at": null, "locked_by": null, "seo_title": "", "go_live_at": null, "draft_title": "Home Page", "content_type": 20, "home_page_ad": 1, "live_revision": null, "page_sections": [{"pk": null, "section": 3, "link_page": 4, "sort_order": 0}, {"pk": null, "section": 3, "link_page": 5, "sort_order": 1}], "page_snippets": [1, 2], "show_in_menus": false, "translation_key": "f5640e24-2b1a-484c-83c1-adf81ddef1d4", "category_sections": [{"pk": null, "section": 3, "sort_order": 0, "link_category_page": 5}, {"pk": null, "section": 3, "sort_order": 1, "link_category_page": 6}], "last_published_at": "2022-09-17T14:51:35.632Z", "first_published_at": null, "search_description": "", "show_popular_articles": true, "wagtail_admin_comments": [], "has_unpublished_changes": false, "latest_revision_created_at": null}, "approved_go_live_at": null}}, {"model": "wagtailcore.grouppagepermission", "pk": 1, "fields": {"group": 1, "page": 1, "permission_type": "add"}}, {"model": "wagtailcore.grouppagepermission", "pk": 2, "fields": {"group": 1, "page": 1, "permission_type": "edit"}}, {"model": "wagtailcore.grouppagepermission", "pk": 3, "fields": {"group": 1, "page": 1, "permission_type": "publish"}}, {"model": "wagtailcore.grouppagepermission", "pk": 4, "fields": {"group": 2, "page": 1, "permission_type": "add"}}, {"model": "wagtailcore.grouppagepermission", "pk": 5, "fields": {"group": 2, "page": 1, "permission_type": "edit"}}, {"model": "wagtailcore.grouppagepermission", "pk": 6, "fields": {"group": 1, "page": 1, "permission_type": "lock"}}, {"model": "wagtailcore.grouppagepermission", "pk": 7, "fields": {"group": 1, "page": 1, "permission_type": "unlock"}}, {"model": "wagtailcore.workflowpage", "pk": 1, "fields": {"workflow": 1}}, {"model": "wagtailcore.workflowtask", "pk": 1, "fields": {"sort_order": 0, "workflow": 1, "task": 1}}, {"model": "wagtailcore.task", "pk": 1, "fields": {"name": "Moderators approval", "content_type": 2, "active": true}}, {"model": "wagtailcore.workflow", "pk": 1, "fields": {"name": "Moderators approval", "active": true}}, {"model": "wagtailcore.groupapprovaltask", "pk": 1, "fields": {"groups": [1]}}, {"model": "wagtailcore.pagelogentry", "pk": 1, "fields": {"content_type": 20, "label": "Home Page", "action": "wagtail.create", "data": {}, "timestamp": "2022-09-18T14:35:10.355Z", "uuid": null, "user": null, "content_changed": true, "deleted": false, "page": 3, "revision": null}}, {"model": "wagtailcore.pagelogentry", "pk": 2, "fields": {"content_type": 10, "label": "All Articles", "action": "wagtail.create", "data": {}, "timestamp": "2022-09-18T14:35:10.404Z", "uuid": null, "user": null, "content_changed": true, "deleted": false, "page": 4, "revision": null}}, {"model": "wagtailcore.pagelogentry", "pk": 3, "fields": {"content_type": 14, "label": "Physics", "action": "wagtail.create", "data": {}, "timestamp": "2022-09-18T14:35:10.449Z", "uuid": null, "user": null, "content_changed": true, "deleted": false, "page": 5, "revision": null}}, {"model": "wagtailcore.pagelogentry", "pk": 4, "fields": {"content_type": 14, "label": "Mathematics", "action": "wagtail.create", "data": {}, "timestamp": "2022-09-18T14:35:10.495Z", "uuid": null, "user": null, "content_changed": true, "deleted": false, "page": 6, "revision": null}}, {"model": "wagtailcore.pagelogentry", "pk": 5, "fields": {"content_type": 28, "label": "Mass and Angular Momentum, Left Ambiguous by Einstein, Get Defined", "action": "wagtail.create", "data": {}, "timestamp": "2022-09-18T14:35:10.593Z", "uuid": null, "user": null, "content_changed": true, "deleted": false, "page": 7, "revision": null}}, {"model": "wagtailcore.pagelogentry", "pk": 6, "fields": {"content_type": 28, "label": "Astronomers Reimagine the Making of the Planets", "action": "wagtail.create", "data": {}, "timestamp": "2022-09-18T14:35:10.709Z", "uuid": null, "user": null, "content_changed": true, "deleted": false, "page": 8, "revision": null}}, {"model": "wagtailcore.pagelogentry", "pk": 7, "fields": {"content_type": 28, "label": "Controversy Continues Over Whether Hot Water Freezes Faster Than Cold", "action": "wagtail.create", "data": {}, "timestamp": "2022-09-18T14:35:10.879Z", "uuid": null, "user": null, "content_changed": true, "deleted": false, "page": 9, "revision": null}}, {"model": "wagtailcore.pagelogentry", "pk": 8, "fields": {"content_type": 28, "label": "How to Make the Universe Think for Us", "action": "wagtail.create", "data": {}, "timestamp": "2022-09-18T14:35:10.985Z", "uuid": null, "user": null, "content_changed": true, "deleted": false, "page": 10, "revision": null}}, {"model": "wagtailcore.pagelogentry", "pk": 9, "fields": {"content_type": 28, "label": "Life Helps Make Almost Half of All Minerals on Earth", "action": "wagtail.create", "data": {}, "timestamp": "2022-09-18T14:35:11.092Z", "uuid": null, "user": null, "content_changed": true, "deleted": false, "page": 11, "revision": null}}, {"model": "wagtailcore.pagelogentry", "pk": 10, "fields": {"content_type": 28, "label": "How to Weigh Truth With a Balance Scale", "action": "wagtail.create", "data": {}, "timestamp": "2022-09-18T14:35:11.150Z", "uuid": null, "user": null, "content_changed": true, "deleted": false, "page": 12, "revision": null}}, {"model": "wagtailcore.pagelogentry", "pk": 11, "fields": {"content_type": 28, "label": "New Proof Illuminates the Hidden Structure of Common Equations", "action": "wagtail.create", "data": {}, "timestamp": "2022-09-18T14:35:11.209Z", "uuid": null, "user": null, "content_changed": true, "deleted": false, "page": 13, "revision": null}}, {"model": "wagtailcore.pagelogentry", "pk": 12, "fields": {"content_type": 28, "label": "He Dropped Out to Become a Poet. Now He’s Won a Fields Medal.", "action": "wagtail.create", "data": {}, "timestamp": "2022-09-18T14:35:11.267Z", "uuid": null, "user": null, "content_changed": true, "deleted": false, "page": 14, "revision": null}}, {"model": "wagtailcore.pagelogentry", "pk": 13, "fields": {"content_type": 29, "label": "How Electricity Actually Works", "action": "wagtail.create", "data": {}, "timestamp": "2022-09-18T14:36:45.671Z", "uuid": "b3cebab8-ace0-4770-b7ea-6c60fba4365e", "user": 1, "content_changed": true, "deleted": false, "page": 15, "revision": null}}, {"model": "wagtailcore.pagelogentry", "pk": 14, "fields": {"content_type": 29, "label": "How Electricity Actually Works", "action": "wagtail.publish", "data": {}, "timestamp": "2022-09-18T14:36:45.783Z", "uuid": "b3cebab8-ace0-4770-b7ea-6c60fba4365e", "user": 1, "content_changed": true, "deleted": false, "page": 15, "revision": 1}}, {"model": "wagtailcore.pagelogentry", "pk": 15, "fields": {"content_type": 29, "label": "How Electricity Actually Works", "action": "wagtail.edit", "data": {}, "timestamp": "2022-09-18T14:46:05.260Z", "uuid": "1a7f402c-185a-4d3a-97de-e44d1eedcacd", "user": 1, "content_changed": true, "deleted": false, "page": 15, "revision": 2}}, {"model": "wagtailcore.pagelogentry", "pk": 16, "fields": {"content_type": 29, "label": "How Electricity Actually Works", "action": "wagtail.publish", "data": {}, "timestamp": "2022-09-18T14:46:05.347Z", "uuid": "1a7f402c-185a-4d3a-97de-e44d1eedcacd", "user": 1, "content_changed": false, "deleted": false, "page": 15, "revision": 2}}, {"model": "wagtailcore.pagelogentry", "pk": 17, "fields": {"content_type": 29, "label": "How Electricity Actually Works", "action": "wagtail.edit", "data": {}, "timestamp": "2022-09-18T14:47:06.933Z", "uuid": "3a5cc971-a5b0-406e-ba5b-cb13d47befbe", "user": 1, "content_changed": true, "deleted": false, "page": 15, "revision": 3}}, {"model": "wagtailcore.pagelogentry", "pk": 18, "fields": {"content_type": 29, "label": "How Electricity Actually Works", "action": "wagtail.publish", "data": {}, "timestamp": "2022-09-18T14:47:07.020Z", "uuid": "3a5cc971-a5b0-406e-ba5b-cb13d47befbe", "user": 1, "content_changed": false, "deleted": false, "page": 15, "revision": 3}}, {"model": "wagtailcore.pagelogentry", "pk": 19, "fields": {"content_type": 29, "label": "How Electricity Actually Works", "action": "wagtail.edit", "data": {}, "timestamp": "2022-09-18T14:50:31.392Z", "uuid": "e80346bb-826a-42d7-9ccf-2fd2290e003c", "user": 1, "content_changed": true, "deleted": false, "page": 15, "revision": 4}}, {"model": "wagtailcore.pagelogentry", "pk": 20, "fields": {"content_type": 29, "label": "How Electricity Actually Works", "action": "wagtail.publish", "data": {}, "timestamp": "2022-09-18T14:50:31.484Z", "uuid": "e80346bb-826a-42d7-9ccf-2fd2290e003c", "user": 1, "content_changed": false, "deleted": false, "page": 15, "revision": 4}}, {"model": "wagtailcore.pagelogentry", "pk": 21, "fields": {"content_type": 29, "label": "The Absurd Search For Dark Matter", "action": "wagtail.create", "data": {}, "timestamp": "2022-09-18T14:51:21.917Z", "uuid": "92d39321-b41b-47c7-8833-0276c366e04e", "user": 1, "content_changed": true, "deleted": false, "page": 16, "revision": null}}, {"model": "wagtailcore.pagelogentry", "pk": 22, "fields": {"content_type": 29, "label": "The Absurd Search For Dark Matter", "action": "wagtail.publish", "data": {}, "timestamp": "2022-09-18T14:51:22.025Z", "uuid": "92d39321-b41b-47c7-8833-0276c366e04e", "user": 1, "content_changed": true, "deleted": false, "page": 16, "revision": 5}}, {"model": "wagtailcore.pagelogentry", "pk": 23, "fields": {"content_type": 20, "label": "Home Page", "action": "wagtail.edit", "data": {}, "timestamp": "2022-09-18T14:58:23.968Z", "uuid": "1ed109a9-e26f-423f-90ab-9f963f2a50c1", "user": 1, "content_changed": true, "deleted": false, "page": 3, "revision": 6}}, {"model": "wagtailcore.pagelogentry", "pk": 24, "fields": {"content_type": 20, "label": "Home Page", "action": "wagtail.publish", "data": {}, "timestamp": "2022-09-18T14:58:24.060Z", "uuid": "1ed109a9-e26f-423f-90ab-9f963f2a50c1", "user": 1, "content_changed": true, "deleted": false, "page": 3, "revision": 6}}, {"model": "wagtailcore.pagesubscription", "pk": 1, "fields": {"user": 1, "page": 15, "comment_notifications": true}}, {"model": "wagtailcore.pagesubscription", "pk": 2, "fields": {"user": 1, "page": 16, "comment_notifications": true}}, {"model": "wagtailcore.pagesubscription", "pk": 3, "fields": {"user": 1, "page": 3, "comment_notifications": false}}]